{
  "type": "mlp",
  "in_scale": 692.7086614173228,
  "w0_int8": [
    [0, 0, 0, 74], [0, 0, 0, -64], [0, 0, 0, -94], [0, 0, 0, -110],
    [0, 0, 0, 60], [0, 0, 0, -107], [0, 0, 0, 125], [0, 0, 0, -81],
    [0, 0, 0, -60], [0, 0, 0, 113], [0, 0, 0, -58], [0, 0, 0, 30],
    [0, 0, 0, 87], [0, 0, 0, 95], [0, 0, 0, 96], [0, 0, 0, -127],
    [0, 0, 0, -20], [0, 0, 0, -54], [0, 0, 0, -127], [0, 0, 0, -59],
    [0, 0, 0, 113], [0, 0, 0, 45], [0, 0, 0, 108], [0, 0, 0, -86],
    [0, 0, 0, 105], [0, 0, 0, -66], [0, 0, 0, 52], [0, 0, 0, -72],
    [0, 0, 0, 119], [0, 0, 0, -94], [0, 0, 0, 86], [0, 0, 0, -43]
  ],
  "w0_scale": 195393.85826771654,
  "b0_int32": [
    0, 0, 0, 0, 0, 0, 0, 0, 0, 0, 0, 0, 0, 0, 0, 0,
    0, 0, 0, 0, 0, 0, 0, 0, 0, 0, 0, 0, 0, 0, 0, 0
  ],
  "b0_scale": 135351018.00979602,
  "act0_scale": 7.874015748031496e-15,
  "w1_int8": [
    [
      -27, 91, 18, -76, 31, -28, 91, 66, -28, 9, -113, 74, 70, -34, 53, 60,
      51, 25, -105, 24, 81, -31, -6, -127, 30, 39, -18, -54, -104, -125, -85, 30
    ]
  ],
  "w1_scale": 0.0017299701379118835,
  "b1_int32": [
    0
  ],
  "b1_scale": 1.7299701379118834e-15,
  "norm": {
    "mean": [-55889.47265625, -0.045034196227788925, 1.1471744775772095, 0.0],
    "std": [20338.162109375, 0.7781203985214233, 1.2737177610397339, 9.99999993922529e-09]
  }
}
